{
    "AABB_logic_max": {
        "x": 1.0,
        "y": 1.0,
        "z": 1.0
    },
    "AABB_logic_min": {
        "x": -1.0,
        "y": -1.0,
        "z": -1.0
    },
    "children": [
        {
            "AABB_logic_max": {
                "x": 0.2746066153049469,
                "y": 0.5334040522575378,
                "z": 0.3690324127674103
            },
            "AABB_logic_min": {
                "x": -0.2635123133659363,
                "y": -0.4025688171386719,
                "z": -0.2155543863773346
            },
            "AABB_max": {
                "x": 0.2230246514081955,
                "y": 0.5334001779556274,
                "z": 0.3690324127674103
            },
            "AABB_min": {
                "x": -0.2635123133659363,
                "y": -0.4025688171386719,
                "z": -0.2155543863773346
            },
            "components": [
                {
                    "name": "Rigidbody",
                    "properties": {
                        "gravity": -32.0,
                        "is_static": false,
                        "lockPositionX": false,
                        "lockPositionY": false,
                        "lockPositionZ": false,
                        "mass": 0.0010000000474974513
                    }
                }
            ],
            "id": 0,
            "is_logic_active": false,
            "is_physic_active": false,
            "is_visible": true,
            "layer": "Default",
            "model.id": 24,
            "name": "havarti_parts",
            "no_textures": false,
            "position": {
                "x": 0.0,
                "y": 0.0,
                "z": 0.0
            },
            "rotation": {
                "w": 0.7071067690849304,
                "x": -0.7071067690849304,
                "y": 0.0,
                "z": 0.0
            },
            "scale": {
                "x": 0.20000000298023224,
                "y": 0.20000000298023224,
                "z": 0.20000000298023224
            },
            "tag": "Default",
            "type": "Node"
        }
    ],
    "id": 0,
    "is_logic_active": false,
    "is_physic_active": true,
    "is_visible": true,
    "layer": "Default",
    "model.id": -1,
    "name": "Black_cheese_parts",
    "no_textures": true,
    "position": {
        "x": 0.0,
        "y": 0.0,
        "z": 0.0
    },
    "rotation": {
        "w": 1.0,
        "x": 0.0,
        "y": 0.0,
        "z": 0.0
    },
    "scale": {
        "x": 1.0,
        "y": 1.0,
        "z": 1.0
    },
    "tag": "Default",
    "type": "Node"
}