{
    "AABB_logic_max": {
        "x": 1.0,
        "y": 1.0,
        "z": 1.0
    },
    "AABB_logic_min": {
        "x": -1.0,
        "y": -1.0,
        "z": -1.0
    },
    "children": [
        {
            "AABB_logic_max": {
                "x": 1.6952190399169922,
                "y": 0.9533786773681641,
                "z": 5.786543846130371
            },
            "AABB_logic_min": {
                "x": -1.6952195167541504,
                "y": -4.155320644378662,
                "z": -0.8704432845115662
            },
            "components": [
                {
                    "name": "CameraProp",
                    "variables": null
                }
            ],
            "id": 0,
            "is_logic_active": false,
            "is_physic_active": false,
            "is_visible": true,
            "layer": "Default",
            "model.id": 35,
            "name": "head",
            "no_textures": false,
            "position": {
                "x": 0.0,
                "y": -0.2847781181335449,
                "z": 3.312309741973877
            },
            "rotation": {
                "w": 0.9659258127212524,
                "x": -0.258819043636322,
                "y": -0.0,
                "z": 0.0
            },
            "scale": {
                "x": 1.0,
                "y": 1.0,
                "z": 1.0
            },
            "tag": "Default",
            "type": "Node"
        },
        {
            "AABB_logic_max": {
                "x": 1.5792088508605957,
                "y": 1.5792094469070435,
                "z": 4.274559020996094
            },
            "AABB_logic_min": {
                "x": -1.5792088508605957,
                "y": -1.5792087316513062,
                "z": -2.384185791015625e-07
            },
            "id": 0,
            "is_logic_active": false,
            "is_physic_active": false,
            "is_visible": true,
            "layer": "Default",
            "model.id": 34,
            "name": "body",
            "no_textures": false,
            "position": {
                "x": 0.0,
                "y": 0.0,
                "z": 0.0
            },
            "rotation": {
                "w": 1.0,
                "x": 0.0,
                "y": 0.0,
                "z": 0.0
            },
            "scale": {
                "x": 1.0,
                "y": 1.0,
                "z": 1.0
            },
            "tag": "Default",
            "type": "Node"
        }
    ],
    "id": 0,
    "is_logic_active": false,
    "is_physic_active": true,
    "is_visible": true,
    "layer": "Default",
    "model.id": -1,
    "name": "camera_prop",
    "no_textures": true,
    "position": {
        "x": 0.0,
        "y": 0.0,
        "z": 0.0
    },
    "rotation": {
        "w": 1.0,
        "x": 0.0,
        "y": 0.0,
        "z": 0.0
    },
    "scale": {
        "x": 0.25,
        "y": 0.25,
        "z": 0.25
    },
    "tag": "Default",
    "type": "Node"
}