{
    "AABB_logic_max": {
        "x": 6.0,
        "y": 8.0,
        "z": 2.0
    },
    "AABB_logic_min": {
        "x": 1.0,
        "y": -1.0,
        "z": -2.0
    },
    "children": [
        {
            "AABB_logic_max": {
                "x": 1.145838975906372,
                "y": 7.277461528778076,
                "z": 1.145838975906372
            },
            "AABB_logic_min": {
                "x": -1.1458388566970825,
                "y": 0.0,
                "z": -1.1458386182785034
            },
            "id": 0,
            "is_logic_active": false,
            "is_physic_active": false,
            "is_visible": true,
            "layer": "Default",
            "model.id": 77,
            "name": "container",
            "no_textures": false,
            "position": {
                "x": -3.0,
                "y": 0.0,
                "z": -4.0
            },
            "rotation": {
                "w": 0.30516353249549866,
                "x": 0.0,
                "y": 0.952299952507019,
                "z": 0.0
            },
            "scale": {
                "x": 0.75,
                "y": 0.75,
                "z": 0.75
            },
            "tag": "Default",
            "type": "Node"
        },
        {
            "AABB_logic_max": {
                "x": 1.8406120538711548,
                "y": 0.4206357002258301,
                "z": 1.8406120538711548
            },
            "AABB_logic_min": {
                "x": -1.8406120538711548,
                "y": -8.085072167318685e-09,
                "z": -1.8406120538711548
            },
            "id": 0,
            "is_logic_active": false,
            "is_physic_active": false,
            "is_visible": true,
            "layer": "Default",
            "model.id": 72,
            "name": "base",
            "no_textures": false,
            "position": {
                "x": -1.4901161193847656e-08,
                "y": -0.1374998688697815,
                "z": -7.450580596923828e-09
            },
            "rotation": {
                "w": 1.0,
                "x": 0.0,
                "y": 0.0,
                "z": 0.0
            },
            "scale": {
                "x": 1.5,
                "y": 1.0,
                "z": 1.5
            },
            "tag": "Default",
            "type": "Node"
        },
        {
            "AABB_logic_max": {
                "x": 0.7845381498336792,
                "y": 3.868544578552246,
                "z": 0.7845386266708374
            },
            "AABB_logic_min": {
                "x": -0.7845381498336792,
                "y": 0.0,
                "z": -0.7845379114151001
            },
            "id": 0,
            "is_logic_active": false,
            "is_physic_active": false,
            "is_visible": true,
            "layer": "Default",
            "model.id": 78,
            "name": "filling",
            "no_textures": false,
            "position": {
                "x": -3.0,
                "y": 1.1961263418197632,
                "z": -4.0
            },
            "rotation": {
                "w": 1.0,
                "x": 0.0,
                "y": 0.0,
                "z": 0.0
            },
            "scale": {
                "x": 0.75,
                "y": 0.0010000000474974513,
                "z": 0.75
            },
            "tag": "Default",
            "type": "Node"
        },
        {
            "AABB_logic_max": {
                "x": 2.442868232727051,
                "y": 7.274176597595215,
                "z": 2.442659616470337
            },
            "AABB_logic_min": {
                "x": -3.5686757564544678,
                "y": -6.385787969520607e-07,
                "z": -2.442659616470337
            },
            "id": 0,
            "is_logic_active": false,
            "is_physic_active": false,
            "is_visible": true,
            "layer": "Default",
            "model.id": 8,
            "name": "arm",
            "no_textures": false,
            "position": {
                "x": 4.0,
                "y": 0.0,
                "z": -5.0
            },
            "rotation": {
                "w": 1.0,
                "x": 0.0,
                "y": 0.0,
                "z": 0.0
            },
            "scale": {
                "x": 1.0,
                "y": 1.0,
                "z": 1.0
            },
            "tag": "Default",
            "type": "Node"
        },
        {
            "AABB_logic_max": {
                "x": 0.7845381498336792,
                "y": 3.868544578552246,
                "z": 0.7845386266708374
            },
            "AABB_logic_min": {
                "x": -0.7845381498336792,
                "y": 0.0,
                "z": -0.7845379114151001
            },
            "id": 0,
            "is_logic_active": false,
            "is_physic_active": false,
            "is_visible": true,
            "layer": "Default",
            "model.id": 78,
            "name": "tank",
            "no_textures": false,
            "position": {
                "x": -3.000000238418579,
                "y": 4.100160598754883,
                "z": -4.0
            },
            "rotation": {
                "w": -4.371138828673793e-08,
                "x": 0.0,
                "y": 0.0,
                "z": 1.0
            },
            "scale": {
                "x": 0.75,
                "y": 0.75,
                "z": 0.75
            },
            "tag": "Default",
            "type": "Node"
        }
    ],
    "components": [
        {
            "name": "Checkpoint",
            "variables": null
        }
    ],
    "id": 0,
    "is_logic_active": false,
    "is_physic_active": true,
    "is_visible": true,
    "layer": "Default",
    "model.id": -1,
    "name": "Checkpoint",
    "no_textures": true,
    "position": {
        "x": 0.0,
        "y": 0.0,
        "z": 0.0
    },
    "rotation": {
        "w": 1.0,
        "x": 0.0,
        "y": 0.0,
        "z": 0.0
    },
    "scale": {
        "x": 0.5,
        "y": 0.5,
        "z": 0.5
    },
    "tag": "Default",
    "type": "Node"
}