{
    "AABB_logic_max": {
        "x": 1.0,
        "y": 1.0,
        "z": 1.0
    },
    "AABB_logic_min": {
        "x": -1.0,
        "y": -1.0,
        "z": -1.0
    },
    "children": [
        {
            "AABB_logic_max": {
                "x": 1.8406120538711548,
                "y": 0.4206357002258301,
                "z": 1.8406120538711548
            },
            "AABB_logic_min": {
                "x": -1.8406120538711548,
                "y": -8.085072167318685e-09,
                "z": -1.8406120538711548
            },
            "id": 0,
            "is_logic_active": false,
            "is_physic_active": false,
            "is_visible": true,
            "layer": "Default",
            "model.id": 72,
            "name": "base",
            "no_textures": false,
            "position": {
                "x": -1.4901161193847656e-08,
                "y": -0.1374998688697815,
                "z": -7.450580596923828e-09
            },
            "rotation": {
                "w": 1.0,
                "x": 0.0,
                "y": 0.0,
                "z": 0.0
            },
            "scale": {
                "x": 1.5,
                "y": 1.0,
                "z": 1.5
            },
            "tag": "Default",
            "type": "Node"
        },
        {
            "AABB_logic_max": {
                "x": 1.9636445045471191,
                "y": 10.000018119812012,
                "z": 7.541379928588867
            },
            "AABB_logic_min": {
                "x": -7.414906978607178,
                "y": 0.41351592540740967,
                "z": 0.725860595703125
            },
            "components": [
                {
                    "name": "Checkpoint",
                    "variables": null
                }
            ],
            "id": 0,
            "is_logic_active": true,
            "is_physic_active": false,
            "is_visible": true,
            "layer": "Default",
            "model.id": 8,
            "name": "arm",
            "no_textures": false,
            "position": {
                "x": 4.0,
                "y": 0.0,
                "z": -5.0
            },
            "rotation": {
                "w": 1.0,
                "x": 0.0,
                "y": -1.7763568394002505e-15,
                "z": 0.0
            },
            "scale": {
                "x": 1.0,
                "y": 1.0,
                "z": 1.0
            },
            "tag": "Default",
            "type": "Node"
        },
        {
            "AABB_logic_max": {
                "x": 0.5729194283485413,
                "y": 3.638730764389038,
                "z": 0.5729194283485413
            },
            "AABB_logic_min": {
                "x": -0.5729193687438965,
                "y": 0.0,
                "z": -0.5729192495346069
            },
            "id": 0,
            "is_logic_active": false,
            "is_physic_active": false,
            "is_visible": true,
            "layer": "Default",
            "model.id": 73,
            "name": "tank",
            "no_textures": false,
            "position": {
                "x": -3.0,
                "y": -1.1920928955078125e-07,
                "z": -4.0
            },
            "rotation": {
                "w": 1.0,
                "x": 0.0,
                "y": 0.0,
                "z": 0.0
            },
            "scale": {
                "x": 2.0,
                "y": 2.0,
                "z": 2.0
            },
            "tag": "Default",
            "type": "Node"
        }
    ],
    "id": 0,
    "is_logic_active": false,
    "is_physic_active": true,
    "is_visible": true,
    "layer": "Default",
    "model.id": -1,
    "name": "Checkpoint",
    "no_textures": true,
    "position": {
        "x": 0.0,
        "y": 0.0,
        "z": 0.0
    },
    "rotation": {
        "w": 1.0,
        "x": 0.0,
        "y": 0.0,
        "z": 0.0
    },
    "scale": {
        "x": 0.5,
        "y": 0.5,
        "z": 0.5
    },
    "tag": "Default",
    "type": "Node"
}