{
    "AABB_logic_max": {
        "x": 1.0000011920928955,
        "y": 6.948275566101074,
        "z": -15.500005722045898
    },
    "AABB_logic_min": {
        "x": -0.9999985694885254,
        "y": -7.573276042938232,
        "z": -16.5000057220459
    },
    "children": [
        {
            "AABB_logic_max": {
                "x": 0.5,
                "y": 0.5,
                "z": 0.5
            },
            "AABB_logic_min": {
                "x": -0.5,
                "y": -0.5,
                "z": -0.5
            },
            "AABB_max": {
                "x": 0.5,
                "y": 0.5,
                "z": 0.5
            },
            "AABB_min": {
                "x": -0.5,
                "y": -0.5,
                "z": -0.5
            },
            "id": 0,
            "is_logic_active": false,
            "is_physic_active": false,
            "is_visible": true,
            "layer": "Default",
            "model.id": 22,
            "name": "gate_down",
            "no_textures": false,
            "position": {
                "x": -1.0020052194595337,
                "y": -3.4482781887054443,
                "z": -1.1920928955078125e-06
            },
            "rotation": {
                "w": 1.0,
                "x": 0.0,
                "y": 0.0,
                "z": 0.0
            },
            "scale": {
                "x": 1.0,
                "y": 1.0,
                "z": 1.0
            },
            "tag": "Default",
            "type": "Node"
        },
        {
            "AABB_logic_max": {
                "x": 3.0,
                "y": 7.0,
                "z": 1.2009856700897217
            },
            "AABB_logic_min": {
                "x": -3.0,
                "y": -0.5487942695617676,
                "z": -1.1990141868591309
            },
            "AABB_max": {
                "x": 3.0,
                "y": 7.0,
                "z": 1.2009856700897217
            },
            "AABB_min": {
                "x": -3.0,
                "y": 0.313274621963501,
                "z": -1.1990143060684204
            },
            "id": 0,
            "is_logic_active": false,
            "is_physic_active": true,
            "is_visible": true,
            "layer": "Default",
            "model.id": 19,
            "name": "gate_up",
            "no_textures": false,
            "position": {
                "x": -1.0020040273666382,
                "y": -3.4482760429382324,
                "z": -1.4210854715202004e-14
            },
            "rotation": {
                "w": 1.0,
                "x": 0.0,
                "y": 0.0,
                "z": 0.0
            },
            "scale": {
                "x": 1.0,
                "y": 1.0,
                "z": 1.0
            },
            "tag": "Default",
            "type": "Node"
        }
    ],
    "components": [
        {
            "name": "Door",
            "variables": [
                {
                    "field_type": "bool",
                    "name": "isOpen",
                    "value": false
                },
                {
                    "field_type": "bool",
                    "name": "openToSide",
                    "value": false
                },
                {
                    "field_type": "bool",
                    "name": "activateAlarm",
                    "value": false
                }
            ]
        }
    ],
    "id": 0,
    "is_logic_active": false,
    "is_physic_active": true,
    "is_visible": true,
    "layer": "Default",
    "model.id": -1,
    "name": "Door",
    "no_textures": true,
    "position": {
        "x": 0.0,
        "y": 0.0,
        "z": 0.0
    },
    "rotation": {
        "w": 0.7071067690849304,
        "x": 0.0,
        "y": -0.7071067690849304,
        "z": 0.0
    },
    "scale": {
        "x": 0.49900001287460327,
        "y": 0.5799999833106995,
        "z": 0.5
    },
    "tag": "Default",
    "type": "Node"
}