{
    "children": [
        {
            "id": 0,
            "is_logic_active": false,
            "is_physic_active": false,
            "is_visible": true,
            "layer": "Default",
            "model.id": 22,
            "name": "gate_down",
            "no_textures": false,
            "position": {
                "x": -1.1920927818209748e-06,
                "y": -10.0,
                "z": -1.1920930091946502e-06
            },
            "rotation": {
                "w": 0.4999999403953552,
                "x": -0.5,
                "y": -0.4999999403953552,
                "z": -0.5
            },
            "scale": {
                "x": 1.0,
                "y": 1.0,
                "z": 1.0
            },
            "tag": "Default",
            "type": "Node"
        },
        {
            "AABB_logic_max": {
                "x": 4.1068854331970215,
                "y": 8.500000953674316,
                "z": -17.5000057220459
            },
            "AABB_logic_min": {
                "x": -4.099276065826416,
                "y": 14.000008583068848,
                "z": -36.98264694213867
            },
            "components": [
                {
                    "name": "Door",
                    "variables": [
                        {
                            "field_type": "bool",
                            "name": "isOpen",
                            "value": false
                        },
                        {
                            "field_type": "bool",
                            "name": "openToSide",
                            "value": false
                        }
                    ]
                }
            ],
            "id": 0,
            "is_logic_active": true,
            "is_physic_active": true,
            "is_visible": true,
            "layer": "Door",
            "model.id": 19,
            "name": "gate_up",
            "no_textures": false,
            "position": {
                "x": 0.0,
                "y": 9.999999046325684,
                "z": 1.1920930091946502e-06
            },
            "rotation": {
                "w": 0.4999999701976776,
                "x": -0.4999999701976776,
                "y": -0.4999999701976776,
                "z": -0.4999999701976776
            },
            "scale": {
                "x": 1.0,
                "y": 1.0,
                "z": 1.0
            },
            "tag": "Default",
            "type": "Node"
        }
    ],
    "id": 0,
    "is_logic_active": false,
    "is_physic_active": true,
    "is_visible": true,
    "layer": "Default",
    "model.id": -1,
    "name": "Door",
    "no_textures": true,
    "position": {
        "x": 0.0,
        "y": 0.0,
        "z": 0.0
    },
    "rotation": {
        "w": 1.0,
        "x": 0.0,
        "y": 0.0,
        "z": 0.0
    },
    "scale": {
        "x": 0.4000000059604645,
        "y": 0.20000000298023224,
        "z": 0.30000001192092896
    },
    "tag": "Default",
    "type": "Node"
}