{
    "AABB_logic_max": {
        "x": 1.0000008344650269,
        "y": 4.496504306793213,
        "z": -7.000000953674316
    },
    "AABB_logic_min": {
        "x": -1.0051672458648682,
        "y": -4.496462821960449,
        "z": -9.000017166137695
    },
    "children": [
        {
            "AABB_logic_max": {
                "x": 1.5348453521728516,
                "y": 6.006743431091309,
                "z": 0.9924725294113159
            },
            "AABB_logic_min": {
                "x": -1.3543626070022583,
                "y": 2.439040422439575,
                "z": -0.9914988279342651
            },
            "AABB_max": {
                "x": 1.5,
                "y": 5.992000102996826,
                "z": 0.9260348677635193
            },
            "AABB_min": {
                "x": -1.5,
                "y": 3.042820930480957,
                "z": -0.9260661005973816
            },
            "id": 0,
            "is_logic_active": false,
            "is_physic_active": true,
            "is_visible": true,
            "layer": "Default",
            "model.id": 36,
            "name": "gate_up",
            "no_textures": false,
            "position": {
                "x": -0.5,
                "y": -2.999999523162842,
                "z": 0.0
            },
            "rotation": {
                "w": 1.0,
                "x": 0.0,
                "y": 0.0,
                "z": 0.0
            },
            "scale": {
                "x": 1.0,
                "y": 1.0,
                "z": 1.0
            },
            "tag": "Default",
            "type": "Node"
        },
        {
            "AABB_logic_max": {
                "x": 1.5315617322921753,
                "y": 4.055137634277344,
                "z": 0.9924191236495972
            },
            "AABB_logic_min": {
                "x": -1.3652000427246094,
                "y": 4.601478576660156e-05,
                "z": -0.9915506839752197
            },
            "id": 0,
            "is_logic_active": false,
            "is_physic_active": true,
            "is_visible": true,
            "layer": "Default",
            "model.id": 37,
            "name": "gate_down",
            "no_textures": false,
            "position": {
                "x": -0.5,
                "y": -2.999999523162842,
                "z": 0.0
            },
            "rotation": {
                "w": 1.0,
                "x": 0.0,
                "y": 0.0,
                "z": 0.0
            },
            "scale": {
                "x": 1.0,
                "y": 1.0,
                "z": 1.0
            },
            "tag": "Default",
            "type": "Node"
        }
    ],
    "components": [
        {
            "name": "Door",
            "variables": [
                {
                    "field_type": "bool",
                    "name": "isOpen",
                    "value": false
                },
                {
                    "field_type": "bool",
                    "name": "openToSide",
                    "value": true
                },
                {
                    "field_type": "bool",
                    "name": "activateAlarm",
                    "value": false
                }
            ]
        }
    ],
    "id": 0,
    "is_logic_active": false,
    "is_physic_active": true,
    "is_visible": true,
    "layer": "Default",
    "model.id": -1,
    "name": "Door_vertical",
    "no_textures": true,
    "position": {
        "x": 0.0,
        "y": 0.0,
        "z": 0.0
    },
    "rotation": {
        "w": 0.5006404519081116,
        "x": 0.4993586838245392,
        "y": -0.49934855103492737,
        "z": 0.5006505846977234
    },
    "scale": {
        "x": 1.0,
        "y": 1.0,
        "z": 0.5
    },
    "tag": "Default",
    "type": "Node"
}