{
    "children": [
        {
            "AABB_logic_max": {
                "x": 2.722221851348877,
                "y": 0.5,
                "z": -4.000000476837158
            },
            "AABB_logic_min": {
                "x": -2.7222213745117188,
                "y": -3.6649999618530273,
                "z": -5.500003814697266
            },
            "AABB_max": {
                "x": 2.722221851348877,
                "y": 4.875,
                "z": 0.5000000596046448
            },
            "AABB_min": {
                "x": -2.722222089767456,
                "y": 0.75,
                "z": -0.5000001192092896
            },
            "id": 0,
            "is_logic_active": true,
            "is_physic_active": true,
            "is_visible": true,
            "layer": "Door",
            "model.id": 19,
            "name": "gate_up",
            "no_textures": false,
            "position": {
                "x": 0.0,
                "y": -2.5,
                "z": 1.1920928955078125e-06
            },
            "rotation": {
                "w": 1.0,
                "x": 0.0,
                "y": 0.0,
                "z": 0.0
            },
            "scale": {
                "x": 1.0,
                "y": 1.0,
                "z": 1.0
            },
            "tag": "Default",
            "type": "Node"
        },
        {
            "AABB_logic_max": {
                "x": 0.5,
                "y": 0.5,
                "z": 0.5
            },
            "AABB_logic_min": {
                "x": -0.5,
                "y": -0.5,
                "z": -0.5
            },
            "AABB_max": {
                "x": 0.5,
                "y": 0.5,
                "z": 0.5
            },
            "AABB_min": {
                "x": -0.5,
                "y": -0.5,
                "z": -0.5
            },
            "id": 0,
            "is_logic_active": false,
            "is_physic_active": false,
            "is_visible": true,
            "layer": "Default",
            "model.id": 22,
            "name": "gate_down",
            "no_textures": false,
            "position": {
                "x": -1.1920925544472993e-06,
                "y": -2.5,
                "z": -1.1920928955078125e-06
            },
            "rotation": {
                "w": 1.0,
                "x": 0.0,
                "y": 0.0,
                "z": 0.0
            },
            "scale": {
                "x": 1.0,
                "y": 1.0,
                "z": 1.0
            },
            "tag": "Default",
            "type": "Node"
        }
    ],
    "components": [
        {
            "name": "Door",
            "variables": [
                {
                    "field_type": "bool",
                    "name": "isOpen",
                    "value": false
                },
                {
                    "field_type": "bool",
                    "name": "openToSide",
                    "value": false
                }
            ]
        }
    ],
    "id": 0,
    "is_logic_active": false,
    "is_physic_active": true,
    "is_visible": true,
    "layer": "Default",
    "model.id": -1,
    "name": "Door",
    "no_textures": true,
    "position": {
        "x": 0.0,
        "y": 0.0,
        "z": 0.0
    },
    "rotation": {
        "w": 0.7071067690849304,
        "x": 0.0,
        "y": -0.7071067690849304,
        "z": 0.0
    },
    "scale": {
        "x": 0.44999998807907104,
        "y": 0.800000011920929,
        "z": 1.0
    },
    "tag": "Default",
    "type": "Node"
}