{
    "AABB_logic_max": {
        "x": 1.0,
        "y": 1.0,
        "z": 1.0
    },
    "AABB_logic_min": {
        "x": -1.0,
        "y": -1.0,
        "z": -1.0
    },
    "children": [
        {
            "AABB_logic_max": {
                "x": 0.46400001645088196,
                "y": 0.3121732771396637,
                "z": 0.46400001645088196
            },
            "AABB_logic_min": {
                "x": -0.46400001645088196,
                "y": 0.0,
                "z": -0.46400001645088196
            },
            "components": [
                {
                    "name": "LaserObserver",
                    "variables": [
                        {
                            "field_type": "Node*",
                            "name": "object",
                            "value": "null"
                        },
                        {
                            "field_type": "bool",
                            "name": "activate",
                            "value": false
                        },
                        {
                            "field_type": "bool",
                            "name": "isActivated",
                            "value": false
                        }
                    ]
                }
            ],
            "id": 0,
            "is_logic_active": false,
            "is_physic_active": true,
            "is_visible": true,
            "layer": "Observer",
            "model.id": 39,
            "name": "observer",
            "no_textures": false,
            "position": {
                "x": 2.0,
                "y": -1.1920930376163597e-07,
                "z": 0.0
            },
            "rotation": {
                "w": 0.7071067690849304,
                "x": 0.0,
                "y": 0.0,
                "z": 0.7071067690849304
            },
            "scale": {
                "x": 1.5,
                "y": 1.5,
                "z": 1.5
            },
            "tag": "Default",
            "type": "Node"
        },
        {
            "AABB_logic_max": {
                "x": 0.37858325242996216,
                "y": 0.4043586254119873,
                "z": 0.47471871972084045
            },
            "AABB_logic_min": {
                "x": -0.4285959005355835,
                "y": 0.00019884109497070313,
                "z": -0.42454013228416443
            },
            "AABB_max": {
                "x": 0.39042139053344727,
                "y": 0.40110135078430176,
                "z": 0.4684283435344696
            },
            "AABB_min": {
                "x": -0.42839503288269043,
                "y": 0.00019860267639160156,
                "z": -0.4062635898590088
            },
            "components": [
                {
                    "name": "LaserEmitter",
                    "variables": [
                        {
                            "field_type": "bool",
                            "name": "isOpen",
                            "value": false
                        }
                    ]
                }
            ],
            "id": 0,
            "is_logic_active": false,
            "is_physic_active": true,
            "is_visible": true,
            "layer": "Default",
            "model.id": 38,
            "name": "emitter",
            "no_textures": false,
            "position": {
                "x": -2.0,
                "y": 0.0,
                "z": 0.0
            },
            "rotation": {
                "w": 0.7069836854934692,
                "x": 0.0,
                "y": 0.0,
                "z": -0.7072298526763916
            },
            "scale": {
                "x": 1.5,
                "y": 1.5,
                "z": 1.5
            },
            "tag": "Default",
            "type": "Node"
        }
    ],
    "id": 0,
    "is_logic_active": false,
    "is_physic_active": true,
    "is_visible": true,
    "layer": "Default",
    "model.id": -1,
    "name": "Laser",
    "no_textures": true,
    "position": {
        "x": 0.0,
        "y": 0.0,
        "z": 0.0
    },
    "rotation": {
        "w": 1.0,
        "x": 0.0,
        "y": 0.0,
        "z": 0.0
    },
    "scale": {
        "x": 1.0,
        "y": 1.0,
        "z": 1.0
    },
    "tag": "Default",
    "type": "Node"
}