{
    "AABB_logic_max": {
        "x": 1.0,
        "y": 1.0,
        "z": 1.0
    },
    "AABB_logic_min": {
        "x": -1.0,
        "y": -1.0,
        "z": -1.0
    },
    "children": [
        {
            "AABB_logic_max": {
                "x": 1.2716132402420044,
                "y": 1.3536758422851563,
                "z": 1.1890716552734375
            },
            "AABB_logic_min": {
                "x": -1.2716131210327148,
                "y": -1.3110514879226685,
                "z": -1.223899006843567
            },
            "AABB_max": {
                "x": 1.2716132402420044,
                "y": 1.3536758422851563,
                "z": 1.1890716552734375
            },
            "AABB_min": {
                "x": 0.16129229962825775,
                "y": -1.311051845550537,
                "z": -1.223899006843567
            },
            "children": [
                {
                    "AABB_logic_max": {
                        "x": 0.5,
                        "y": 0.0,
                        "z": 0.5
                    },
                    "AABB_logic_min": {
                        "x": -0.5,
                        "y": 0.0,
                        "z": -0.5
                    },
                    "AABB_max": {
                        "x": 0.5,
                        "y": 0.0,
                        "z": 0.5
                    },
                    "AABB_min": {
                        "x": -0.5,
                        "y": 0.0,
                        "z": -0.5
                    },
                    "id": 0,
                    "is_logic_active": false,
                    "is_physic_active": true,
                    "is_visible": false,
                    "layer": "Default",
                    "model.id": 21,
                    "name": "clone_MIRORR",
                    "no_textures": false,
                    "position": {
                        "x": -0.12292320281267166,
                        "y": 0.11514812707901001,
                        "z": 0.11517805606126785
                    },
                    "rotation": {
                        "w": 0.9238776564598083,
                        "x": 0.38268789649009705,
                        "y": 1.692956712318061e-11,
                        "z": 6.095940419115209e-11
                    },
                    "scale": {
                        "x": 0.5,
                        "y": 1.0,
                        "z": 3.0
                    },
                    "tag": "Default",
                    "type": "MirrorNode"
                },
                {
                    "AABB_logic_max": {
                        "x": 0.5,
                        "y": 0.0,
                        "z": 0.5
                    },
                    "AABB_logic_min": {
                        "x": -0.5,
                        "y": 0.0,
                        "z": -0.5
                    },
                    "AABB_max": {
                        "x": 0.5,
                        "y": 0.0,
                        "z": 0.5
                    },
                    "AABB_min": {
                        "x": -0.5,
                        "y": 0.0,
                        "z": -0.5
                    },
                    "id": 0,
                    "is_logic_active": false,
                    "is_physic_active": true,
                    "is_visible": false,
                    "layer": "Default",
                    "model.id": 21,
                    "name": "MIRORR",
                    "no_textures": false,
                    "position": {
                        "x": -0.10279928147792816,
                        "y": -0.1161104366183281,
                        "z": -0.11611699312925339
                    },
                    "rotation": {
                        "w": 0.9238776564598083,
                        "x": 0.38268789649009705,
                        "y": 1.692956712318061e-11,
                        "z": 6.095940419115209e-11
                    },
                    "scale": {
                        "x": 0.5,
                        "y": 1.0,
                        "z": 3.0
                    },
                    "tag": "Default",
                    "type": "MirrorNode"
                }
            ],
            "components": [
                {
                    "name": "Rigidbody",
                    "properties": {
                        "gravity": -32.0,
                        "is_static": false,
                        "lockPositionX": false,
                        "lockPositionY": false,
                        "lockPositionZ": true,
                        "mass": 1.0
                    }
                }
            ],
            "id": 0,
            "is_logic_active": false,
            "is_physic_active": true,
            "is_visible": true,
            "layer": "Default",
            "model.id": 53,
            "name": "box",
            "no_textures": false,
            "position": {
                "x": 0.0,
                "y": 0.0,
                "z": 0.0
            },
            "rotation": {
                "w": 0.4999999701976776,
                "x": 0.4999999701976776,
                "y": 0.4999999701976776,
                "z": -0.4999999701976776
            },
            "scale": {
                "x": 0.75,
                "y": 0.75,
                "z": 0.75
            },
            "tag": "Box",
            "type": "Node"
        }
    ],
    "id": 0,
    "is_logic_active": false,
    "is_physic_active": true,
    "is_visible": true,
    "layer": "Default",
    "model.id": -1,
    "name": "Mirror_box",
    "no_textures": true,
    "position": {
        "x": 0.0,
        "y": 0.0,
        "z": 0.0
    },
    "rotation": {
        "w": 1.0,
        "x": 0.0,
        "y": 0.0,
        "z": 0.0
    },
    "scale": {
        "x": 1.0,
        "y": 1.0,
        "z": 1.0
    },
    "tag": "Default",
    "type": "Node"
}