{
    "AABB_logic_max": {
        "x": 1.0,
        "y": 1.0,
        "z": 1.0
    },
    "AABB_logic_min": {
        "x": -1.0,
        "y": -1.0,
        "z": -1.0
    },
    "children": [
        {
            "AABB_logic_max": {
                "x": 1.513392686843872,
                "y": 2.858612060546875,
                "z": -0.3453378677368164
            },
            "AABB_logic_min": {
                "x": -1.509637475013733,
                "y": -2.8806869983673096,
                "z": -0.9068870544433594
            },
            "AABB_max": {
                "x": 1.51375150680542,
                "y": 2.502324104309082,
                "z": -0.032376766204833984
            },
            "AABB_min": {
                "x": -1.5089013576507568,
                "y": -2.5178208351135254,
                "z": -0.3236762285232544
            },
            "components": [
                {
                    "name": "Platform",
                    "variables": null
                }
            ],
            "id": 0,
            "is_logic_active": true,
            "is_physic_active": true,
            "is_visible": true,
            "layer": "Platform",
            "model.id": 82,
            "name": "platform",
            "no_textures": false,
            "position": {
                "x": 0.0,
                "y": 0.0,
                "z": 0.0
            },
            "rotation": {
                "w": 0.500622034072876,
                "x": -0.49937719106674194,
                "y": 0.49937719106674194,
                "z": 0.500622034072876
            },
            "scale": {
                "x": 1.0,
                "y": 1.0,
                "z": 0.5
            },
            "tag": "Default",
            "type": "Node"
        }
    ],
    "id": 0,
    "is_logic_active": false,
    "is_physic_active": true,
    "is_visible": true,
    "layer": "Default",
    "model.id": -1,
    "name": "Platform",
    "no_textures": true,
    "position": {
        "x": 0.0,
        "y": 0.0,
        "z": 0.0
    },
    "rotation": {
        "w": 1.0,
        "x": 0.0,
        "y": 0.0,
        "z": 0.0
    },
    "scale": {
        "x": 1.0,
        "y": 1.0,
        "z": 1.0
    },
    "tag": "Default",
    "type": "Node"
}