{
    "AABB_logic_max": {
        "x": 1.0,
        "y": 1.0,
        "z": 1.0
    },
    "AABB_logic_min": {
        "x": -1.0,
        "y": -1.0,
        "z": -1.0
    },
    "children": [
        {
            "AABB_logic_max": {
                "x": 1.513581395149231,
                "y": 2.858612060546875,
                "z": -0.19533859193325043
            },
            "AABB_logic_min": {
                "x": -1.5095292329788208,
                "y": -2.8806869983673096,
                "z": -0.8193877935409546
            },
            "AABB_max": {
                "x": 1.5139986276626587,
                "y": 2.502324104309082,
                "z": 0.151996910572052
            },
            "AABB_min": {
                "x": -1.5086883306503296,
                "y": -2.5178208351135254,
                "z": -0.14867734909057617
            },
            "components": [
                {
                    "name": "Platform",
                    "variables": null
                }
            ],
            "id": 0,
            "is_logic_active": true,
            "is_physic_active": true,
            "is_visible": true,
            "layer": "Platform",
            "model.id": 82,
            "name": "platform",
            "no_textures": false,
            "position": {
                "x": 0.0,
                "y": -0.07499992847442627,
                "z": -0.00018672668375074863
            },
            "rotation": {
                "w": 0.500622034072876,
                "x": -0.49937719106674194,
                "y": 0.49937719106674194,
                "z": 0.500622034072876
            },
            "scale": {
                "x": 1.0,
                "y": 1.0,
                "z": 0.5
            },
            "tag": "Default",
            "type": "Node"
        }
    ],
    "id": 0,
    "is_logic_active": false,
    "is_physic_active": true,
    "is_visible": true,
    "layer": "Default",
    "model.id": -1,
    "name": "Platform",
    "no_textures": true,
    "position": {
        "x": 0.0,
        "y": 0.0,
        "z": 0.0
    },
    "rotation": {
        "w": 1.0,
        "x": 0.0,
        "y": 0.0,
        "z": 0.0
    },
    "scale": {
        "x": 1.0,
        "y": 1.0,
        "z": 1.0
    },
    "tag": "Default",
    "type": "Node"
}