{
    "AABB_logic_max": {
        "x": 1.0,
        "y": 1.0,
        "z": 1.0
    },
    "AABB_logic_min": {
        "x": -1.0,
        "y": -1.0,
        "z": -1.0
    },
    "children": [
        {
            "AABB_logic_max": {
                "x": 0.9115304350852966,
                "y": 3.041358470916748,
                "z": 2.792989492416382
            },
            "AABB_logic_min": {
                "x": -0.9115304946899414,
                "y": -1.2934768199920654,
                "z": -0.07473285496234894
            },
            "AABB_max": {
                "x": 2.598909378051758,
                "y": -0.14527058601379395,
                "z": 6.393147945404053
            },
            "AABB_min": {
                "x": -5.274994850158691,
                "y": -2.0892772674560547,
                "z": -2.5016050338745117
            },
            "components": [
                {
                    "name": "Rigidbody",
                    "properties": {
                        "gravity": -32.0,
                        "is_static": false,
                        "lockPositionX": false,
                        "lockPositionY": false,
                        "lockPositionZ": true,
                        "mass": 1.0
                    }
                }
            ],
            "id": 0,
            "is_logic_active": false,
            "is_physic_active": true,
            "is_visible": true,
            "layer": "Default",
            "model.id": 18,
            "name": "body",
            "no_textures": false,
            "position": {
                "x": 0.0,
                "y": 1.0,
                "z": 0.0
            },
            "rotation": {
                "w": 0.5005353689193726,
                "x": -0.4994640350341797,
                "y": 0.4994853138923645,
                "z": 0.5005141496658325
            },
            "scale": {
                "x": 0.699999988079071,
                "y": 0.699999988079071,
                "z": 0.699999988079071
            },
            "tag": "Box",
            "type": "Node"
        }
    ],
    "id": 0,
    "is_logic_active": false,
    "is_physic_active": true,
    "is_visible": true,
    "layer": "Default",
    "model.id": -1,
    "name": "Player_dead",
    "no_textures": true,
    "position": {
        "x": 0.0,
        "y": 0.0,
        "z": 0.0
    },
    "rotation": {
        "w": 1.0,
        "x": 0.0,
        "y": 0.0,
        "z": 0.0
    },
    "scale": {
        "x": 1.0,
        "y": 1.0,
        "z": 1.0
    },
    "tag": "Default",
    "type": "Node"
}