{
    "children": [
        {
            "AABB_logic_max": {
                "x": 1.100000023841858,
                "y": 1.600000023841858,
                "z": 1.600000023841858
            },
            "AABB_logic_min": {
                "x": -1.100000023841858,
                "y": -1.600000023841858,
                "z": -0.10000000149011612
            },
            "AABB_max": {
                "x": 1.0,
                "y": 1.5,
                "z": 1.5
            },
            "AABB_min": {
                "x": -1.0,
                "y": -1.5,
                "z": 0.0
            },
            "children": [
                {
                    "AABB_logic_max": {
                        "x": 0.5,
                        "y": 0.5,
                        "z": 0.5
                    },
                    "AABB_logic_min": {
                        "x": -0.5,
                        "y": -0.5,
                        "z": -0.5
                    },
                    "AABB_max": {
                        "x": 0.5,
                        "y": 0.5,
                        "z": 0.5
                    },
                    "AABB_min": {
                        "x": -0.5,
                        "y": -0.5,
                        "z": -0.5
                    },
                    "id": 0,
                    "is_logic_active": false,
                    "is_physic_active": false,
                    "is_visible": true,
                    "layer": "Default",
                    "model.id": 7,
                    "name": "entity",
                    "no_textures": false,
                    "position": {
                        "x": -6.181411293937344e-08,
                        "y": -0.03703710064291954,
                        "z": 1.999999761581421
                    },
                    "rotation": {
                        "w": 0.7071067690849304,
                        "x": 0.0,
                        "y": 0.0,
                        "z": 0.7071067690849304
                    },
                    "scale": {
                        "x": 0.0010000000474974513,
                        "y": 0.10000000149011612,
                        "z": 0.10000000149011612
                    },
                    "tag": "Default",
                    "type": "Node"
                }
            ],
            "components": [
                {
                    "name": "PlayerController",
                    "variables": [
                        {
                            "field_type": "float",
                            "name": "speed",
                            "value": 9.100000381469727
                        },
                        {
                            "field_type": "float",
                            "name": "jumpForce",
                            "value": 19.799999237060547
                        },
                        {
                            "field_type": "Node*",
                            "name": "doors",
                            "value": "null"
                        },
                        {
                            "field_type": "int",
                            "name": "id",
                            "value": 0
                        },
                        {
                            "field_type": "bool",
                            "name": "isGravityFlipped",
                            "value": false
                        }
                    ]
                },
                {
                    "name": "Rigidbody",
                    "properties": {
                        "gravity": -32.0,
                        "is_static": false,
                        "lockPositionX": false,
                        "lockPositionY": false,
                        "lockPositionZ": true,
                        "mass": 1.0
                    }
                },
                {
                    "name": "PlayerAnimationController",
                    "variables": null
                }
            ],
            "id": 0,
            "is_logic_active": true,
            "is_physic_active": true,
            "is_visible": true,
            "layer": "Default",
            "model.id": 16,
            "name": "player_body",
            "no_textures": false,
            "position": {
                "x": 0.0,
                "y": 5.8284825854570954e-08,
                "z": 0.0
            },
            "rotation": {
                "w": 0.4999999701976776,
                "x": -0.4999999701976776,
                "y": 0.4999999701976776,
                "z": 0.4999999701976776
            },
            "scale": {
                "x": 1.5,
                "y": 0.75,
                "z": 0.75
            },
            "tag": "Player",
            "type": "Node"
        }
    ],
    "id": 0,
    "is_logic_active": false,
    "is_physic_active": true,
    "is_visible": true,
    "layer": "Default",
    "model.id": -1,
    "name": "Player",
    "no_textures": true,
    "position": {
        "x": 0.0,
        "y": 0.0,
        "z": 0.0
    },
    "rotation": {
        "w": 1.0,
        "x": 0.0,
        "y": 0.0,
        "z": 0.0
    },
    "scale": {
        "x": 1.0,
        "y": 1.0,
        "z": 0.5
    },
    "tag": "Default",
    "type": "Node"
}