{
    "AABB_logic_max": {
        "x": 1.0,
        "y": 1.0,
        "z": 1.0
    },
    "AABB_logic_min": {
        "x": -1.0,
        "y": -1.0,
        "z": -1.0
    },
    "children": [
        {
            "AABB_logic_max": {
                "x": 1.2000000476837158,
                "y": 1.600000023841858,
                "z": 1.600000023841858
            },
            "AABB_logic_min": {
                "x": -1.2000000476837158,
                "y": -1.600000023841858,
                "z": -0.20000000298023224
            },
            "AABB_max": {
                "x": 1.0,
                "y": 1.399999976158142,
                "z": 1.399999976158142
            },
            "AABB_min": {
                "x": -1.0,
                "y": -1.399999976158142,
                "z": 0.0
            },
            "children": [
                {
                    "AABB_logic_max": {
                        "x": 0.5,
                        "y": 0.5,
                        "z": 0.5
                    },
                    "AABB_logic_min": {
                        "x": -0.5,
                        "y": -0.5,
                        "z": -0.5
                    },
                    "AABB_max": {
                        "x": 0.5,
                        "y": 0.5,
                        "z": 0.5
                    },
                    "AABB_min": {
                        "x": -0.5,
                        "y": -0.5,
                        "z": -0.5
                    },
                    "id": 0,
                    "is_logic_active": false,
                    "is_physic_active": false,
                    "is_visible": true,
                    "layer": "Default",
                    "model.id": 7,
                    "name": "timer",
                    "no_textures": false,
                    "position": {
                        "x": -7.003043833719858e-08,
                        "y": 0.0,
                        "z": 2.1428608894348145
                    },
                    "rotation": {
                        "w": 0.7071067690849304,
                        "x": 0.0,
                        "y": 0.7071067690849304,
                        "z": 0.0
                    },
                    "scale": {
                        "x": 0.10000000149011612,
                        "y": 0.0010000000474974513,
                        "z": 0.10000000149011612
                    },
                    "tag": "Default",
                    "type": "Node"
                },
                {
                    "AABB_logic_max": {
                        "x": 1.0,
                        "y": 1.0,
                        "z": 1.0
                    },
                    "AABB_logic_min": {
                        "x": -1.0,
                        "y": -1.0,
                        "z": -1.0
                    },
                    "components": [
                        {
                            "name": "Particles",
                            "variables": [
                                {
                                    "field_type": "std::string",
                                    "name": "particlePrefab",
                                    "value": "Black_cheese_parts"
                                },
                                {
                                    "field_type": "float",
                                    "name": "emissionRate",
                                    "value": 12.0
                                },
                                {
                                    "field_type": "bool",
                                    "name": "emit",
                                    "value": false
                                },
                                {
                                    "field_type": "float",
                                    "name": "lifetime",
                                    "value": 0.5
                                },
                                {
                                    "field_type": "float",
                                    "name": "minParticleSize",
                                    "value": 0.10000000149011612
                                },
                                {
                                    "field_type": "float",
                                    "name": "maxParticleSize",
                                    "value": 0.20000000298023224
                                },
                                {
                                    "field_type": "float",
                                    "name": "velocityX",
                                    "value": -5.0
                                },
                                {
                                    "field_type": "float",
                                    "name": "velocityY",
                                    "value": 8.0
                                },
                                {
                                    "field_type": "float",
                                    "name": "velocityZ",
                                    "value": 0.0
                                },
                                {
                                    "field_type": "float",
                                    "name": "velocityVariation",
                                    "value": 3.0
                                },
                                {
                                    "field_type": "bool",
                                    "name": "applyVelocityX",
                                    "value": true
                                },
                                {
                                    "field_type": "bool",
                                    "name": "applyVelocityY",
                                    "value": true
                                },
                                {
                                    "field_type": "bool",
                                    "name": "applyVelocityZ",
                                    "value": false
                                },
                                {
                                    "field_type": "bool",
                                    "name": "velocityXInBothDir",
                                    "value": false
                                },
                                {
                                    "field_type": "float",
                                    "name": "gravity",
                                    "value": -32.0
                                },
                                {
                                    "field_type": "bool",
                                    "name": "useGravity",
                                    "value": true
                                },
                                {
                                    "field_type": "float",
                                    "name": "drag",
                                    "value": 0.0
                                },
                                {
                                    "field_type": "bool",
                                    "name": "useDrag",
                                    "value": false
                                },
                                {
                                    "field_type": "float",
                                    "name": "areaX",
                                    "value": 0.5
                                },
                                {
                                    "field_type": "float",
                                    "name": "areaY",
                                    "value": 0.0
                                },
                                {
                                    "field_type": "float",
                                    "name": "areaZ",