{
    "AABB_logic_max": {
        "x": 1.0,
        "y": 1.0,
        "z": 1.0
    },
    "AABB_logic_min": {
        "x": -1.0,
        "y": -1.0,
        "z": -1.0
    },
    "children": [
        {
            "AABB_logic_max": {
                "x": 0.28152114152908325,
                "y": 0.781521201133728,
                "z": 0.5233956575393677
            },
            "AABB_logic_min": {
                "x": -0.28152114152908325,
                "y": -0.781521201133728,
                "z": -0.904245913028717
            },
            "AABB_max": {
                "x": 0.2815166711807251,
                "y": 0.09950161725282669,
                "z": 0.023395657539367676
            },
            "AABB_min": {
                "x": -0.28151217103004456,
                "y": -0.07721028476953506,
                "z": -0.4042459726333618
            },
            "components": [
                {
                    "name": "PowerActivator",
                    "variables": [
                        {
                            "field_type": "Node*",
                            "name": "object",
                            "value": "null"
                        },
                        {
                            "field_type": "bool",
                            "name": "activate",
                            "value": false
                        },
                        {
                            "field_type": "bool",
                            "name": "isActivated",
                            "value": false
                        }
                    ]
                }
            ],
            "id": 0,
            "is_logic_active": true,
            "is_physic_active": true,
            "is_visible": true,
            "layer": "Default",
            "model.id": 47,
            "name": "activator",
            "no_textures": false,
            "position": {
                "x": 2.0,
                "y": 0.0,
                "z": 1.1920930376163597e-07
            },
            "rotation": {
                "w": 0.7071067690849304,
                "x": 0.0,
                "y": 0.7071067690849304,
                "z": 0.0
            },
            "scale": {
                "x": 2.0,
                "y": 2.0,
                "z": 2.0
            },
            "tag": "Default",
            "type": "Node"
        },
        {
            "AABB_logic_max": {
                "x": 0.28152117133140564,
                "y": 0.16519522666931152,
                "z": 0.11260986328125
            },
            "AABB_logic_min": {
                "x": -0.28149235248565674,
                "y": -0.1620892733335495,
                "z": -0.48363643884658813
            },
            "AABB_max": {
                "x": 0.28152117133140564,
                "y": 0.08839354664087296,
                "z": 0.023395657539367676
            },
            "AABB_min": {
                "x": -0.28150156140327454,
                "y": -0.08554057776927948,
                "z": -0.4042459726333618
            },
            "components": [
                {
                    "name": "Electrified",
                    "variables": null
                }
            ],
            "id": 0,
            "is_logic_active": true,
            "is_physic_active": true,
            "is_visible": true,
            "layer": "Default",
            "model.id": 47,
            "name": "power",
            "no_textures": false,
            "position": {
                "x": -2.0,
                "y": 0.0,
                "z": 2.980232594040899e-08
            },
            "rotation": {
                "w": 0.7071067690849304,
                "x": 0.0,
                "y": -0.7071067690849304,
                "z": 0.0
            },
            "scale": {
                "x": 2.0,
                "y": 2.0,
                "z": 2.0
            },
            "tag": "Default",
            "type": "Node"
        }
    ],
    "id": 0,
    "is_logic_active": false,
    "is_physic_active": true,
    "is_visible": true,
    "layer": "Default",
    "model.id": -1,
    "name": "Power_activator",
    "no_textures": true,
    "position": {
        "x": 0.0,
        "y": 0.0,
        "z": 0.0
    },
    "rotation": {
        "w": 1.0,
        "x": 0.0,
        "y": 0.0,
        "z": 0.0
    },
    "scale": {
        "x": 1.0,
        "y": 1.0,
        "z": 1.0
    },
    "tag": "Default",
    "type": "Node"
}