{
    "AABB_logic_max": {
        "x": 1.0,
        "y": 1.0,
        "z": 1.0
    },
    "AABB_logic_min": {
        "x": -1.0,
        "y": -1.0,
        "z": -1.0
    },
    "children": [
        {
            "AABB_logic_max": {
                "x": 0.42274561524391174,
                "y": 1.45237398147583,
                "z": 0.6571585536003113
            },
            "AABB_logic_min": {
                "x": -0.42274561524391174,
                "y": 0.00044792890548706055,
                "z": 0.4171585440635681
            },
            "id": 0,
            "is_logic_active": false,
            "is_physic_active": false,
            "is_visible": true,
            "layer": "Default",
            "model.id": 75,
            "name": "rail_end",
            "no_textures": false,
            "position": {
                "x": -2.5,
                "y": 1.0,
                "z": -4.0
            },
            "rotation": {
                "w": 1.0,
                "x": 0.0,
                "y": 0.0,
                "z": 0.0
            },
            "scale": {
                "x": 1.0,
                "y": 1.0,
                "z": 1.0
            },
            "tag": "Default",
            "type": "Node"
        },
        {
            "AABB_logic_max": {
                "x": 0.42274561524391174,
                "y": 1.2763876914978027,
                "z": 0.6571585536003113
            },
            "AABB_logic_min": {
                "x": -0.42274561524391174,
                "y": 0.00044792890548706055,
                "z": 0.4171585440635681
            },
            "id": 0,
            "is_logic_active": false,
            "is_physic_active": false,
            "is_visible": true,
            "layer": "Default",
            "model.id": 74,
            "name": "rail2",
            "no_textures": false,
            "position": {
                "x": 2.5,
                "y": 2.0,
                "z": -4.0
            },
            "rotation": {
                "w": 1.0,
                "x": 0.0,
                "y": 0.0,
                "z": 0.0
            },
            "scale": {
                "x": 1.0,
                "y": 1.0,
                "z": 1.0
            },
            "tag": "Default",
            "type": "Node"
        },
        {
            "AABB_logic_max": {
                "x": 0.42274561524391174,
                "y": 1.2763876914978027,
                "z": 0.6571585536003113
            },
            "AABB_logic_min": {
                "x": -0.42274561524391174,
                "y": 0.00044792890548706055,
                "z": 0.4171585440635681
            },
            "id": 0,
            "is_logic_active": false,
            "is_physic_active": false,
            "is_visible": true,
            "layer": "Default",
            "model.id": 74,
            "name": "rail",
            "no_textures": false,
            "position": {
                "x": -2.5,
                "y": 0.0,
                "z": -4.0
            },
            "rotation": {
                "w": 1.0,
                "x": 0.0,
                "y": 0.0,
                "z": 0.0
            },
            "scale": {
                "x": 1.0,
                "y": 1.0,
                "z": 1.0
            },
            "tag": "Default",
            "type": "Node"
        },
        {
            "AABB_logic_max": {
                "x": 0.42274561524391174,
                "y": 1.45237398147583,
                "z": 0.6571585536003113
            },
            "AABB_logic_min": {
                "x": -0.42274561524391174,
                "y": 0.00044792890548706055,
                "z": 0.4171585440635681
            },
            "id": 0,
            "is_logic_active": false,
            "is_physic_active": false,
            "is_visible": true,
            "layer": "Default",
            "model.id": 75,
            "name": "rain_end2",
            "no_textures": false,
            "position": {
                "x": 2.5,
                "y": 3.0,
                "z": -4.0
            },
            "rotation": {
                "w": 1.0,
                "x": 0.0,
                "y": 0.0,
                "z": 0.0
            },
            "scale": {
                "x": 1.0,
                "y": 1.0,
                "z": 1.0
            },
            "tag": "Default",
            "type": "Node"
        },
        {
            "AABB_logic_max": {
                "x": 0.42274561524391174,
                "y": 1.45237398147583,
                "z": 0.6571585536003113
            },
            "AABB_logic_min": {
                "x": -0.42274561524391174,
                "y": 0.00044792890548706055,
                "z": 0.4171585440635681
            },
            "id": 0,
            "is_logic_active": false,
            "is_physic_active": false,
            "is_visible": true,
            "layer": "Default",
            "model.id": 75,
            "name": "rail_end_3",
            "no_textures": false,
            "position": {
                "x": -2.5,
                "y": -5.364418029785156e-07,
                "z": -4.0
            },
            "rotation": {
                "w": -4.371138828673793e-08,
                "x": 0.0,
                "y": 0.0,
                "z": 1.0
            },
            "scale": {
                "x": 1.0,
                "y": 1.0,
                "z": 1.0
            },
            "tag": "Default",
            "type": "Node"
        },
        {
            "AABB_logic_max": {
                "x": 1.5,
                "y": 0.3581477105617523,
                "z": 1.4999995231628418
            },
            "AABB_logic_min": {
                "x": -1.5,
                "y": 0.004999995231628418,
                "z": -1.6370233297348022
            },
            "AABB_max": {
                "x": 1.5,
                "y": 0.3581526279449463,
                "z": 1.4999995231628418
            },
            "AABB_min": {
                "x": -1.5,
                "y": 0.004999995231628418,
                "z": -1.6370233297348022
            },
            "id": 0,
            "is_logic_active": false,
            "is_physic_active": true,
            "is_visible": true,
            "layer": "Default",
            "model.id": 40,
            "name": "locked_scale",
            "no_textures": false,
            "position": {
                "x": 2.5,
                "y": 1.0,
                "z": -1.0
            },
            "rotation": {
                "w": 1.0,
                "x": 0.0,
                "y": 0.0,
                "z": 0.0
            },
            "scale": {
                "x": 1.350000023841858,
                "y": 1.0,
                "z": 1.5
            },
            "tag": "Default",
            "type": "Node"
        },
        {
            "AABB_logic_max": {
                "x": 1.5,
                "y": 0.3581477105617523,
                "z": 1.4999995231628418
            },
            "AABB_logic_min": {
                "x": -1.5,
                "y": 0.004999995231628418,
                "z": -1.6370233297348022
            },
            "AABB_max": {
                "x": 1.5,
                "y": 0.3581526279449463,
                "z": 1.4999995231628418
            },
            "AABB_min": {
                "x": -1.5,
                "y": 0.004999995231628418,
                "z": -1.6370233297348022
            },
            "components": [
                {
                    "name": "Scale",
                    "variables": [
                        {
                            "field_type": "Node*",
                            "name": "secondScale",
                            "value": "locked_scale"
                        },
                        {
                            "field_type": "bool",
                            "name": "moveHorizontally",