{
    "bloom_blur_passes": 10,
    "bloom_intensity": 1.0,
    "bloom_treshold": 0.6600000262260437,
    "crt_brightness": {
        "x": 1.9607843160629272,
        "y": 1.9607843160629272,
        "z": 1.9607843160629272
    },
    "crt_curvature": {
        "x": 9.699999809265137,
        "y": 4.599999904632568
    },
    "crt_lines_sinusoid_factor": {
        "x": 0.4099999964237213,
        "y": 0.6499999761581421
    },
    "crt_outline_color": {
        "x": 0.0,
        "y": 0.0,
        "z": 0.0
    },
    "crt_screen_resolution": {
        "x": 621.0,
        "y": 732.0
    },
    "crt_vignette_factor": 0.800000011920929,
    "crt_vignette_radius": 0.0,
    "is_bloom": false,
    "is_crt": false,
    "is_pp": true,
    "is_ssao": false,
    "ssao_bias": 0.2529999911785126,
    "ssao_intensity": 0.4000000059604645,
    "ssao_kernel_samples": 32,
    "ssao_noise_scale": {
        "x": 369.8999938964844,
        "y": 354.20001220703125
    },
    "ssao_radius": 5.0
}