{
    "crt_brightness": {
        "x": 1.0,
        "y": 2.007843255996704,
        "z": 1.0
    },
    "crt_curvature": {
        "x": 9.899999618530273,
        "y": 9.899999618530273
    },
    "crt_lines_sinusoid_factor": {
        "x": 1.7999999523162842,
        "y": 1.5
    },
    "crt_outline_color": {
        "x": 0.007843137718737125,
        "y": 0.01568627543747425,
        "z": 0.003921568859368563
    },
    "crt_screen_resolution": {
        "x": 781.0,
        "y": 1000.0
    },
    "crt_vignette_factor": 0.699999988079071,
    "crt_vignette_radius": 335.0,
    "is_crt": false,
    "is_pp": false
}