{
    "bloom_blur_passes": 10,
    "bloom_intensity": 1.0,
    "bloom_treshold": 0.550000011920929,
    "crt_brightness": {
        "x": 1.9607843160629272,
        "y": 1.9607843160629272,
        "z": 1.9607843160629272
    },
    "crt_curvature": {
        "x": 5.099999904632568,
        "y": 4.599999904632568
    },
    "crt_lines_sinusoid_factor": {
        "x": 0.4099999964237213,
        "y": 0.6499999761581421
    },
    "crt_outline_color": {
        "x": 0.0,
        "y": 0.0,
        "z": 0.0
    },
    "crt_screen_resolution": {
        "x": 621.0,
        "y": 732.0
    },
    "crt_vignette_factor": 0.800000011920929,
    "crt_vignette_radius": 81.0,
    "is_bloom": true,
    "is_crt": true,
    "is_pp": true,
    "is_rewind": true,
    "is_ssao": true,
    "rewind_band_amount": 3,
    "rewind_band_speed": 4.23199987411499,
    "rewind_band_thicc": 0.014800000004470348,
    "rewind_noise_alpha": 0.14000000059604645,
    "ssao_bias": 0.36500000953674316,
    "ssao_intensity": 2.5,
    "ssao_kernel_samples": 32,
    "ssao_noise_scale": {
        "x": 718.7999877929688,
        "y": 703.2000122070313
    },
    "ssao_radius": 2.299999952316284
}