{
    "crt_brightness": {
        "x": 1.0,
        "y": 1.0,
        "z": 1.0
    },
    "crt_curvature": {
        "x": 5.0,
        "y": 4.0
    },
    "crt_lines_sinusoid_factor": {
        "x": 0.5099999904632568,
        "y": 0.5099999904632568
    },
    "crt_outline_color": {
        "x": 0.007843137718737125,
        "y": 0.003921568859368563,
        "z": 0.003921568859368563
    },
    "crt_screen_resolution": {
        "x": 560.0,
        "y": 680.0
    },
    "crt_vignette_factor": 0.5099999904632568,
    "crt_vignette_radius": 335.0,
    "is_crt": false,
    "is_pp": false
}