{
    "crt_curvature": {
        "x": 3.0,
        "y": 3.0
    },
    "crt_outline_color": {
        "x": 0.0706000030040741,
        "y": 0.007799999788403511,
        "z": 0.0038999998942017555
    },
    "is_crt": true,
    "is_pp": true
}