{
    "bloom_blur_passes": 10,
    "bloom_intensity": 1.0,
    "bloom_treshold": 0.5400000214576721,
    "crt_brightness": {
        "x": 1.0,
        "y": 1.0,
        "z": 2.007843255996704
    },
    "crt_curvature": {
        "x": 3.0,
        "y": 3.0
    },
    "crt_lines_sinusoid_factor": {
        "x": 3.0,
        "y": 3.0
    },
    "crt_outline_color": {
        "x": 0.007843137718737125,
        "y": 0.01568627543747425,
        "z": 0.003921568859368563
    },
    "crt_screen_resolution": {
        "x": 9.0,
        "y": 10.0
    },
    "crt_vignette_factor": 3.4000000953674316,
    "crt_vignette_radius": 97.0,
    "is_bloom": true,
    "is_crt": false,
    "is_pp": true,
    "ssao_kernel_samples": 64
}