{
    "bloom_blur_intensity": 1.0299999713897705,
    "bloom_blur_radius": 10,
    "bloom_blur_sigma": 8.90999984741211,
    "bloom_intensity": 1.0,
    "bloom_smoothness": 1.0,
    "bloom_threshold": 0.6200000047683716,
    "crt_brightness": {
        "x": 1.9607843160629272,
        "y": 1.9607843160629272,
        "z": 1.9607843160629272
    },
    "crt_curvature": {
        "x": 5.099999904632568,
        "y": 4.599999904632568
    },
    "crt_lines_sinusoid_factor": {
        "x": 0.4099999964237213,
        "y": 0.6499999761581421
    },
    "crt_outline_color": {
        "x": 0.0,
        "y": 0.0,
        "z": 0.0
    },
    "crt_screen_resolution": {
        "x": 621.0,
        "y": 732.0
    },
    "crt_vignette_factor": 0.800000011920929,
    "crt_vignette_radius": 81.0,
    "is_bloom": true,
    "is_crt": true,
    "is_pp": true,
    "is_ssao": true,
    "is_volumetric": true,
    "ssao_bias": 0.36500000953674316,
    "ssao_intensity": 2.5,
    "ssao_kernel_samples": 32,
    "ssao_noise_scale": {
        "x": 718.7999877929688,
        "y": 703.2000122070313
    },
    "ssao_radius": 2.299999952316284
}