{
    "camera": {
        "Pitch": -0.8999764323234558,
        "Yaw": -88.0000991821289,
        "mode": 2,
        "position": {
            "x": 4.116298198699951,
            "y": 10.581192016601563,
            "z": 41.69827651977539
        }
    },
    "scene": {
        "children": [
            {
                "directional_light": {
                    "ambient": {
                        "x": 0.20000000298023224,
                        "y": 0.20000000298023224,
                        "z": 0.20000000298023224
                    },
                    "diffuse": {
                        "x": 0.800000011920929,
                        "y": 0.800000011920929,
                        "z": 0.800000011920929
                    },
                    "direction": {
                        "x": -1.0,
                        "y": -1.0,
                        "z": -1.0
                    },
                    "is_shining": true,
                    "specular": {
                        "x": 0.800000011920929,
                        "y": 0.800000011920929,
                        "z": 0.800000011920929
                    }
                },
                "id": 0,
                "is_logic_active": false,
                "is_physic_active": true,
                "is_visible": true,
                "layer": "Default",
                "model.id": 6,
                "name": "dir_light",
                "no_textures": true,
                "position": {
                    "x": 22.231014251708984,
                    "y": 18.1098575592041,
                    "z": 22.04757308959961
                },
                "rotation": {
                    "w": 1.0,
                    "x": 0.0,
                    "y": 0.0,
                    "z": 0.0
                },
                "scale": {
                    "x": 1.0,
                    "y": 1.0,
                    "z": 1.0
                },
                "tag": "Default",
                "type": "DirectionalLight"
            },
            {
                "children": [
                    {
                        "id": 0,
                        "is_logic_active": false,
                        "is_physic_active": true,
                        "is_visible": true,
                        "layer": "Default",
                        "model.id": -1,
                        "name": "room_1_inst",
                        "no_textures": true,
                        "position": {
                            "x": 0.0,
                            "y": 0.0,
                            "z": 0.0
                        },
                        "prefab_instance": {
                            "prefab_name": "room_1"
                        },
                        "rotation": {
                            "w": 1.0,
                            "x": 0.0,
                            "y": 0.0,
                            "z": 0.0
                        },
                        "scale": {
                            "x": 1.0,
                            "y": 1.0,
                            "z": 1.0
                        },
                        "tag": "Default",
                        "type": "PrefabInstance"
                    }
                ],
                "id": 0,
                "is_logic_active": false,
                "is_physic_active": true,
                "is_visible": true,
                "layer": "Default",
                "model.id": -1,
                "name": "empty_node",
                "no_textures": true,
                "position": {
                    "x": -4.711000442504883,
                    "y": 1.951874017715454,
                    "z": 0.0
                },
                "rotation": {
                    "w": 1.0,
                    "x": 0.0,
                    "y": 0.0,
                    "z": 0.0
                },
                "scale": {
                    "x": 1.0,
                    "y": 1.0,
                    "z": 1.0
                },
                "tag": "Default",
                "type": "Node"
            }
        ],
        "id": 0,
        "is_logic_active": false,
        "is_physic_active": true,
        "is_visible": true,
        "layer": "Default",
        "model.id": -1,
        "name": "root",
        "no_textures": true,
        "position": {
            "x": 0.0,
            "y": 0.0,
            "z": 0.0
        },
        "rotation": {
            "w": 1.0,
            "x": 0.0,
            "y": 0.0,
            "z": 0.0
        },
        "scale": {
            "x": 1.0,
            "y": 1.0,
            "z": 1.0
        },
        "tag": "Default",
        "type": "Node"
    }
}