{
    "camera": {
        "Pitch": -10.899941444396973,
        "Yaw": -91.89971160888672,
        "mode": 3,
        "position": {
            "x": 47.6569709777832,
            "y": 7.894287109375,
            "z": 48.46919250488281
        }
    },
    "scene": {
        "children": [
            {
                "id": 0,
                "is_logic_active": false,
                "is_physic_active": true,
                "is_visible": true,
                "layer": "Default",
                "model.id": -1,
                "name": "room_2_inst",
                "no_textures": true,
                "position": {
                    "x": 50.0,
                    "y": 0.0,
                    "z": 0.0
                },
                "prefab_instance": {
                    "prefab_name": "room_2"
                },
                "rotation": {
                    "w": 1.0,
                    "x": 0.0,
                    "y": 0.0,
                    "z": 0.0
                },
                "scale": {
                    "x": 1.0,
                    "y": 1.0,
                    "z": 1.0
                },
                "tag": "Default",
                "type": "PrefabInstance"
            },
            {
                "directional_light": {
                    "ambient": {
                        "x": 0.20000000298023224,
                        "y": 0.20000000298023224,
                        "z": 0.20000000298023224
                    },
                    "diffuse": {
                        "x": 0.800000011920929,
                        "y": 0.800000011920929,
                        "z": 0.800000011920929
                    },
                    "direction": {
                        "x": -1.0,
                        "y": -1.0,
                        "z": 0.0
                    },
                    "specular": {
                        "x": 0.800000011920929,
                        "y": 0.800000011920929,
                        "z": 0.800000011920929
                    }
                },
                "id": 0,
                "is_logic_active": false,
                "is_physic_active": true,
                "is_visible": true,
                "layer": "Default",
                "model.id": 6,
                "name": "dir_light",
                "no_textures": true,
                "position": {
                    "x": 20.455408096313477,
                    "y": 4.334654808044434,
                    "z": 4.424830436706543
                },
                "rotation": {
                    "w": 1.0,
                    "x": 0.0,
                    "y": 0.0,
                    "z": 0.0
                },
                "scale": {
                    "x": 1.0,
                    "y": 1.0,
                    "z": 1.0
                },
                "tag": "Default",
                "type": "DirectionalLight"
            },
            {
                "id": 0,
                "is_logic_active": false,
                "is_physic_active": true,
                "is_visible": true,
                "layer": "Default",
                "model.id": 6,
                "name": "light_copy_room_1_inst",
                "no_textures": true,
                "point_light": {
                    "ambient": {
                        "x": 0.20000000298023224,
                        "y": 0.20000000298023224,
                        "z": 0.20000000298023224
                    },
                    "constant": 1.0,
                    "diffuse": {
                        "x": 0.800000011920929,
                        "y": 0.800000011920929,
                        "z": 0.800000011920929
                    },
                    "linear": 0.09000000357627869,
                    "quadratic": 0.03200000151991844,
                    "specular": {
                        "x": 0.800000011920929,
                        "y": 0.800000011920929,
                        "z": 0.800000011920929
                    }
                },
                "position": {
                    "x": 21.37504768371582,
                    "y": 2.216658353805542,
                    "z": 1.1435046195983887
                },
                "rotation": {
                    "w": 1.0,
                    "x": 0.0,
                    "y": 0.0,
                    "z": 0.0
                },
                "scale": {
                    "x": 1.0,
                    "y": 1.0,
                    "z": 1.0
                },
                "tag": "Default",
                "type": "PointLight"
            },
            {
                "components": [
                    {
                        "name": "PlayerController",
                        "variables": [
                            {
                                "field_type": "float",
                                "name": "speed",
                                "value": 10.0
                            },
                            {
                                "field_type": "float",
                                "name": "jumpForce",
                                "value": 15.0
                            },
                            {
                                "field_type": "Node*",
                                "name": "doors",
                                "value": "null"
                            },
                            {
                                "field_type": "int",
                                "name": "id",
                                "value": 0
                            }
                        ]
                    },
                    {
                        "name": "Rigidbody",
                        "properties": {
                            "gravity": -25.0,
                            "is_static": false,
                            "mass": 1.0
                        }
                    }
                ],
                "id": 0,
                "is_logic_active": false,
                "is_physic_active": true,
                "is_visible": true,
                "layer": "Default",
                "model.id": 7,
                "name": "player",
                "no_textures": false,
                "position": {
                    "x": 47.0,
                    "y": 1.0,
                    "z": 0.5
                },
                "rotation": {
                    "w": 1.0,
                    "x": 0.0,
                    "y": 0.0,
                    "z": 0.0
                },
                "scale": {
                    "x": 2.0,
                    "y": 1.0,
                    "z": 1.0
                },
                "tag": "Default",
                "type": "Node"
            },
            {
                "components": [
                    {
                        "name": "Rigidbody",
                        "properties": {
                            "gravity": -25.0,
                            "is_static": false,
                            "mass": 1.0
                        }
                    }
                ],
                "id": 0,
                "is_logic_active": false,
                "is_physic_active": true,
                "is_visible": true,
                "layer": "Floor",
                "model.id": 7,
                "name": "box",
                "no_textures": false,
                "position": {
                    "x": 40.76146697998047,
                    "y": 1.25,
                    "z": 0.5
                },
                "rotation": {
                    "w": 1.0,
                    "x": 0.0,
                    "y": 0.0,
                    "z": 0.0
                },
                "scale": {
                    "x": 1.5,
                    "y": 1.5,
                    "z": 1.0
                },
                "tag": "Default",
                "type": "Node"
            },
            {
                "id": 0,