{
    "camera": {
        "Pitch": 3.474205732345581e-05,
        "Yaw": -87.4992446899414,
        "mode": 2,
        "position": {
            "x": 12.060669898986816,
            "y": 14.888582229614258,
            "z": 68.49507141113281
        }
    },
    "scene": {
        "children": [
            {
                "directional_light": {
                    "ambient": {
                        "x": 0.20000000298023224,
                        "y": 0.20000000298023224,
                        "z": 0.20000000298023224
                    },
                    "diffuse": {
                        "x": 0.800000011920929,
                        "y": 0.800000011920929,
                        "z": 0.800000011920929
                    },
                    "direction": {
                        "x": -1.0,
                        "y": -1.0,
                        "z": 0.0
                    },
                    "specular": {
                        "x": 0.800000011920929,
                        "y": 0.800000011920929,
                        "z": 0.800000011920929
                    }
                },
                "id": 0,
                "is_visible": true,
                "model.id": 6,
                "name": "dir_light",
                "no_textures": true,
                "position": {
                    "x": 65.10369873046875,
                    "y": 4.334654808044434,
                    "z": 8.685544967651367
                },
                "rotation": {
                    "w": 1.0,
                    "x": 0.0,
                    "y": 0.0,
                    "z": 0.0
                },
                "scale": {
                    "x": 1.0,
                    "y": 1.0,
                    "z": 1.0
                },
                "type": "DirectionalLight"
            },
            {
                "id": 0,
                "is_visible": true,
                "model.id": 6,
                "name": "light",
                "no_textures": true,
                "point_light": {
                    "ambient": {
                        "x": 0.20000000298023224,
                        "y": 0.20000000298023224,
                        "z": 0.20000000298023224
                    },
                    "constant": 1.0,
                    "diffuse": {
                        "x": 0.800000011920929,
                        "y": 0.800000011920929,
                        "z": 0.800000011920929
                    },
                    "linear": 0.09000000357627869,
                    "quadratic": 0.03200000151991844,
                    "specular": {
                        "x": 0.800000011920929,
                        "y": 0.800000011920929,
                        "z": 0.800000011920929
                    }
                },
                "position": {
                    "x": 2.360290288925171,
                    "y": 16.378986358642578,
                    "z": 13.535194396972656
                },
                "rotation": {
                    "w": 1.0,
                    "x": 0.0,
                    "y": 0.0,
                    "z": 0.0
                },
                "scale": {
                    "x": 1.0,
                    "y": 1.0,
                    "z": 1.0
                },
                "type": "PointLight"
            },
            {
                "id": 0,
                "is_visible": true,
                "model.id": 6,
                "name": "light_copy",
                "no_textures": true,
                "point_light": {
                    "ambient": {
                        "x": 0.20000000298023224,
                        "y": 0.20000000298023224,
                        "z": 0.20000000298023224
                    },
                    "constant": 1.0,
                    "diffuse": {
                        "x": 0.800000011920929,
                        "y": 0.800000011920929,
                        "z": 0.800000011920929
                    },
                    "linear": 0.09000000357627869,
                    "quadratic": 0.03200000151991844,
                    "specular": {
                        "x": 0.800000011920929,
                        "y": 0.800000011920929,
                        "z": 0.800000011920929
                    }
                },
                "position": {
                    "x": 5.374999046325684,
                    "y": 2.216658353805542,
                    "z": -4.272721290588379
                },
                "rotation": {
                    "w": 1.0,
                    "x": 0.0,
                    "y": 0.0,
                    "z": 0.0
                },
                "scale": {
                    "x": 1.0,
                    "y": 1.0,
                    "z": 1.0
                },
                "type": "PointLight"
            },
            {
                "id": 0,
                "is_visible": true,
                "model.id": -1,
                "name": "room_1_inst_2",
                "no_textures": true,
                "position": {
                    "x": -1.8971455097198486,
                    "y": 0.0,
                    "z": 11.20444393157959
                },
                "prefab_instance": {
                    "prefab_name": "room_1"
                },
                "rotation": {
                    "w": 1.0,
                    "x": 0.0,
                    "y": 0.0,
                    "z": 0.0
                },
                "scale": {
                    "x": 1.0,
                    "y": 1.0,
                    "z": 1.0
                },
                "type": "PrefabInstance"
            },
            {
                "id": 0,
                "is_visible": true,
                "model.id": -1,
                "name": "room_1_inst",
                "no_textures": true,
                "position": {
                    "x": -28.94485855102539,
                    "y": 0.0,
                    "z": 0.0
                },
                "prefab_instance": {
                    "prefab_name": "room_1"
                },
                "rotation": {
                    "w": 1.0,
                    "x": 0.0,
                    "y": 0.0,
                    "z": 0.0
                },
                "scale": {
                    "x": 1.0,
                    "y": 1.0,
                    "z": 1.0
                },
                "type": "PrefabInstance"
            },
            {
                "id": 0,
                "is_visible": true,
                "model.id": -1,
                "name": "room_1_inst_1",
                "no_textures": true,
                "position": {
                    "x": 71.23880004882813,
                    "y": -2.061586618423462,
                    "z": 19.727115631103516
                },
                "prefab_instance": {
                    "prefab_name": "room_1"
                },
                "rotation": {
                    "w": 1.0,
                    "x": 0.0,
                    "y": 0.0,
                    "z": 0.0
                },
                "scale": {
                    "x": 1.0,
                    "y": 1.0,
                    "z": 1.0
                },
                "type": "PrefabInstance"
            }
        ],
        "id": 0,
        "is_visible": true,
        "model.id": -1,
        "name": "root",
        "no_textures": true,
        "position": {
            "x": 0.0,
            "y": 0.0,
            "z": 0.0
        },
        "rotation": {
            "w": 1.0,
            "x": 0.0,
            "y": 0.0,
            "z": 0.0
        },
        "scale": {
            "x": 1.0,
            "y": 1.0,
            "z": 1.0
        },
        "type": "Node"
    }
}