{
    "camera": {
        "Pitch": -4.600006580352783,
        "Yaw": -87.00005340576172,
        "mode": 2,
        "position": {
            "x": 6.715989589691162,
            "y": 12.704614639282227,
            "z": 34.76227569580078
        }
    },
    "scene": {
        "children": [
            {
                "id": 0,
                "is_logic_active": false,
                "is_physic_active": true,
                "is_visible": true,
                "layer": "Default",
                "model.id": -1,
                "name": "room_1_inst",
                "no_textures": true,
                "position": {
                    "x": 0.0,
                    "y": 0.0,
                    "z": 0.0
                },
                "prefab_instance": {
                    "prefab_name": "room_1"
                },
                "rotation": {
                    "w": 1.0,
                    "x": 0.0,
                    "y": 0.0,
                    "z": 0.0
                },
                "scale": {
                    "x": 1.0,
                    "y": 1.0,
                    "z": 1.0
                },
                "tag": "Default",
                "type": "PrefabInstance"
            },
            {
                "id": 0,
                "is_logic_active": false,
                "is_physic_active": true,
                "is_visible": true,
                "layer": "Default",
                "model.id": 6,
                "name": "light_copy_room_1_inst",
                "no_textures": true,
                "point_light": {
                    "ambient": {
                        "x": 0.20000000298023224,
                        "y": 0.20000000298023224,
                        "z": 0.20000000298023224
                    },
                    "constant": 1.0,
                    "diffuse": {
                        "x": 0.800000011920929,
                        "y": 0.800000011920929,
                        "z": 0.800000011920929
                    },
                    "linear": 0.09000000357627869,
                    "quadratic": 0.03200000151991844,
                    "specular": {
                        "x": 0.800000011920929,
                        "y": 0.800000011920929,
                        "z": 0.800000011920929
                    }
                },
                "position": {
                    "x": 21.37504768371582,
                    "y": 2.216658353805542,
                    "z": 1.1435046195983887
                },
                "rotation": {
                    "w": 1.0,
                    "x": 0.0,
                    "y": 0.0,
                    "z": 0.0
                },
                "scale": {
                    "x": 1.0,
                    "y": 1.0,
                    "z": 1.0
                },
                "tag": "Default",
                "type": "PointLight"
            },
            {
                "id": 0,
                "is_logic_active": false,
                "is_physic_active": true,
                "is_visible": true,
                "layer": "Default",
                "model.id": 6,
                "name": "light_room_1_inst",
                "no_textures": true,
                "point_light": {
                    "ambient": {
                        "x": 0.20000000298023224,
                        "y": 0.20000000298023224,
                        "z": 0.20000000298023224
                    },
                    "constant": 1.0,
                    "diffuse": {
                        "x": 0.800000011920929,
                        "y": 0.800000011920929,
                        "z": 0.800000011920929
                    },
                    "linear": 0.09000000357627869,
                    "quadratic": 0.03200000151991844,
                    "specular": {
                        "x": 0.800000011920929,
                        "y": 0.800000011920929,
                        "z": 0.800000011920929
                    }
                },
                "position": {
                    "x": 13.689380645751953,
                    "y": 2.7769968509674072,
                    "z": 0.4220360219478607
                },
                "rotation": {
                    "w": 1.0,
                    "x": 0.0,
                    "y": 0.0,
                    "z": 0.0
                },
                "scale": {
                    "x": 1.0,
                    "y": 1.0,
                    "z": 1.0
                },
                "tag": "Default",
                "type": "PointLight"
            },
            {
                "id": 0,
                "is_logic_active": false,
                "is_physic_active": true,
                "is_visible": true,
                "layer": "Default",
                "model.id": 6,
                "name": "light",
                "no_textures": true,
                "point_light": {
                    "ambient": {
                        "x": 0.20000000298023224,
                        "y": 0.20000000298023224,
                        "z": 0.20000000298023224
                    },
                    "constant": 1.0,
                    "diffuse": {
                        "x": 0.800000011920929,
                        "y": 0.800000011920929,
                        "z": 0.800000011920929
                    },
                    "linear": 0.09000000357627869,
                    "quadratic": 0.03200000151991844,
                    "specular": {
                        "x": 0.800000011920929,
                        "y": 0.800000011920929,
                        "z": 0.800000011920929
                    }
                },
                "position": {
                    "x": 0.28773820400238037,
                    "y": 9.865952491760254,
                    "z": 2.472525119781494
                },
                "rotation": {
                    "w": 1.0,
                    "x": 0.0,
                    "y": 0.0,
                    "z": 0.0
                },
                "scale": {
                    "x": 1.0,
                    "y": 1.0,
                    "z": 1.0
                },
                "tag": "Default",
                "type": "PointLight"
            },
            {
                "directional_light": {
                    "ambient": {
                        "x": 0.20000000298023224,
                        "y": 0.20000000298023224,
                        "z": 0.20000000298023224
                    },
                    "diffuse": {
                        "x": 0.800000011920929,
                        "y": 0.800000011920929,
                        "z": 0.800000011920929
                    },
                    "direction": {
                        "x": -1.0,
                        "y": -1.0,
                        "z": 0.0
                    },
                    "specular": {
                        "x": 0.800000011920929,
                        "y": 0.800000011920929,
                        "z": 0.800000011920929
                    }
                },
                "id": 0,
                "is_logic_active": false,
                "is_physic_active": true,
                "is_visible": true,
                "layer": "Default",
                "model.id": 6,
                "name": "dir_light",
                "no_textures": true,
                "position": {
                    "x": 20.455408096313477,
                    "y": 4.334654808044434,
                    "z": 4.424830436706543
                },
                "rotation": {
                    "w": 1.0,
                    "x": 0.0,
                    "y": 0.0,
                    "z": 0.0
                },
                "scale": {
                    "x": 1.0,
                    "y": 1.0,
                    "z": 1.0
                },
                "tag": "Default",
                "type": "DirectionalLight"
            }
        ],
        "id": 0,