{
    "camera": {
        "Pitch": 3.8000786304473877,
        "Yaw": -56.300270080566406,
        "mode": 2,
        "position": {
            "x": 6.3822221755981445,
            "y": 7.218413352966309,
            "z": 29.619609832763672
        }
    },
    "scene": {
        "children": [
            {
                "AABB_logic_max": {
                    "x": 0.5,
                    "y": 0.5,
                    "z": 0.5
                },
                "AABB_logic_min": {
                    "x": -0.5,
                    "y": -0.5,
                    "z": -0.5
                },
                "AABB_max": {
                    "x": 0.5,
                    "y": 0.5,
                    "z": 0.5
                },
                "AABB_min": {
                    "x": -0.5,
                    "y": -0.5,
                    "z": -0.5
                },
                "directional_light": {
                    "ambient": {
                        "x": 0.20000000298023224,
                        "y": 0.20000000298023224,
                        "z": 0.20000000298023224
                    },
                    "diffuse": {
                        "x": 0.800000011920929,
                        "y": 0.800000011920929,
                        "z": 0.800000011920929
                    },
                    "direction": {
                        "x": -1.0,
                        "y": -1.0,
                        "z": -1.0
                    },
                    "is_shining": true,
                    "specular": {
                        "x": 0.800000011920929,
                        "y": 0.800000011920929,
                        "z": 0.800000011920929
                    }
                },
                "id": 0,
                "is_logic_active": false,
                "is_physic_active": true,
                "is_visible": true,
                "layer": "Default",
                "model.id": 6,
                "name": "dir_light",
                "no_textures": true,
                "position": {
                    "x": 22.231014251708984,
                    "y": 18.1098575592041,
                    "z": 22.04757308959961
                },
                "rotation": {
                    "w": 1.0,
                    "x": 0.0,
                    "y": 0.0,
                    "z": 0.0
                },
                "scale": {
                    "x": 1.0,
                    "y": 1.0,
                    "z": 1.0
                },
                "tag": "Default",
                "type": "DirectionalLight"
            },
            {
                "id": 0,
                "is_logic_active": false,
                "is_physic_active": true,
                "is_visible": true,
                "layer": "Default",
                "model.id": -1,
                "name": "room_2_inst",
                "no_textures": true,
                "position": {
                    "x": 56.30110168457031,
                    "y": -5.130719184875488,
                    "z": 0.0
                },
                "prefab_instance": {
                    "prefab_name": "room_2"
                },
                "rotation": {
                    "w": 1.0,
                    "x": 0.0,
                    "y": 0.0,
                    "z": 0.0
                },
                "scale": {
                    "x": 1.0,
                    "y": 1.0,
                    "z": 1.0
                },
                "tag": "Default",
                "type": "PrefabInstance"
            },
            {
                "id": 0,
                "is_logic_active": false,
                "is_physic_active": true,
                "is_visible": true,
                "layer": "Default",
                "model.id": -1,
                "name": "room_1_inst",
                "no_textures": true,
                "position": {
                    "x": -3.1518313884735107,
                    "y": 2.980232238769531e-07,
                    "z": -2.755417654043413e-07
                },
                "prefab_instance": {
                    "prefab_name": "room_1"
                },
                "rotation": {
                    "w": -1.0,
                    "x": -4.371138473402425e-08,
                    "y": 4.371139183945161e-08,
                    "z": 4.371138473402425e-08
                },
                "scale": {
                    "x": 1.0,
                    "y": 1.0,
                    "z": 1.0
                },
                "tag": "Default",
                "type": "PrefabInstance"
            },
            {
                "AABB_logic_max": {
                    "x": 0.5,
                    "y": 0.5,
                    "z": 0.5
                },
                "AABB_logic_min": {
                    "x": -0.5,
                    "y": -0.5,
                    "z": -0.5
                },
                "AABB_max": {
                    "x": 0.125,
                    "y": 0.5,
                    "z": 0.5
                },
                "AABB_min": {
                    "x": -0.25,
                    "y": -0.5,
                    "z": -0.5
                },
                "components": [
                    {
                        "name": "Rigidbody",
                        "properties": {
                            "gravity": 0.0,
                            "is_static": false,
                            "mass": 1.0
                        }
                    },
                    {
                        "name": "Scale",
                        "variables": [
                            {
                                "field_type": "Node*",
                                "name": "secondScale",
                                "value": "right_platform"
                            }
                        ]
                    }
                ],
                "id": 0,
                "is_logic_active": false,
                "is_physic_active": true,
                "is_visible": true,
                "layer": "Floor",
                "model.id": 5,
                "name": "left_platform",
                "no_textures": false,
                "position": {
                    "x": 32.44525146484375,
                    "y": 4.41715669631958,
                    "z": 0.0
                },
                "rotation": {
                    "w": 1.0,
                    "x": 0.0,
                    "y": 0.0,
                    "z": 0.0
                },
                "scale": {
                    "x": 4.0,
                    "y": 1.0,
                    "z": 1.0
                },
                "tag": "Default",
                "type": "Node"
            },
            {
                "AABB_logic_max": {
                    "x": 0.5,
                    "y": 0.5,
                    "z": 0.5
                },
                "AABB_logic_min": {
                    "x": -0.5,
                    "y": -0.5,
                    "z": -0.5
                },
                "AABB_max": {
                    "x": 0.5,
                    "y": 0.5,
                    "z": 0.5
                },
                "AABB_min": {
                    "x": -0.5,
                    "y": -0.5,
                    "z": -0.5
                },
                "id": 0,
                "is_logic_active": false,
                "is_physic_active": true,
                "is_visible": true,
                "layer": "Floor",
                "model.id": 5,
                "name": "right_platform",
                "no_textures": false,
                "position": {
                    "x": 42.19577407836914,
                    "y": 4.223685264587402,
                    "z": 0.0
                },
                "rotation": {
                    "w": 1.0,
                    "x": 0.0,
                    "y": 0.0,
                    "z": 0.0
                },