{
    "camera": {
        "Pitch": 9.199957847595215,
        "Yaw": -84.89639282226563,
        "mode": 2,
        "position": {
            "x": 0.2597135305404663,
            "y": -1.3437018394470215,
            "z": 0.43874797224998474
        }
    },
    "scene": {
        "children": [
            {
                "id": 0,
                "is_visible": true,
                "model.id": 6,
                "name": "light",
                "no_textures": true,
                "point_light": {
                    "ambient": {
                        "x": 0.9019607901573181,
                        "y": 0.9019607901573181,
                        "z": 0.9019607901573181
                    },
                    "constant": 1.0,
                    "diffuse": {
                        "x": 0.8002833127975464,
                        "y": 0.9656862616539001,
                        "z": 0.02840256504714489
                    },
                    "is_shining": true,
                    "linear": 0.0010000000474974513,
                    "quadratic": 0.01899999938905239,
                    "specular": {
                        "x": 0.5086504817008972,
                        "y": 0.9264705777168274,
                        "z": 0.8773152232170105
                    }
                },
                "position": {
                    "x": 5.560410499572754,
                    "y": 15.170534133911133,
                    "z": 3.2269325256347656
                },
                "rotation": {
                    "w": 1.0,
                    "x": 0.0,
                    "y": 0.0,
                    "z": 0.0
                },
                "scale": {
                    "x": 1.0,
                    "y": 1.0,
                    "z": 1.0
                },
                "type": "PointLight"
            },
            {
                "id": 0,
                "is_visible": true,
                "model.id": -1,
                "name": "room_1_inst",
                "no_textures": true,
                "position": {
                    "x": 37.845558166503906,
                    "y": 0.0,
                    "z": 0.0
                },
                "prefab_instance": {
                    "prefab_name": "room_1"
                },
                "rotation": {
                    "w": 1.0,
                    "x": 0.0,
                    "y": 0.0,
                    "z": 0.0
                },
                "scale": {
                    "x": 1.0,
                    "y": 1.0,
                    "z": 1.0
                },
                "type": "PrefabInstance"
            },
            {
                "id": 0,
                "is_visible": true,
                "model.id": -1,
                "name": "room_1_inst_1",
                "no_textures": true,
                "position": {
                    "x": 0.05988121032714844,
                    "y": 0.0,
                    "z": 0.0
                },
                "prefab_instance": {
                    "prefab_name": "room_1"
                },
                "rotation": {
                    "w": 1.0,
                    "x": 0.0,
                    "y": 0.0,
                    "z": 0.0
                },
                "scale": {
                    "x": 1.0,
                    "y": 1.0,
                    "z": 1.0
                },
                "type": "PrefabInstance"
            },
            {
                "id": 0,
                "is_visible": true,
                "model.id": 6,
                "name": "light_1",
                "no_textures": true,
                "point_light": {
                    "ambient": {
                        "x": 0.9019607901573181,
                        "y": 0.9019607901573181,
                        "z": 0.9019607901573181
                    },
                    "constant": 1.0,
                    "diffuse": {
                        "x": 0.8002833127975464,
                        "y": 0.9656862616539001,
                        "z": 0.02840256504714489
                    },
                    "is_shining": false,
                    "linear": 0.0010000000474974513,
                    "quadratic": 0.01899999938905239,
                    "specular": {
                        "x": 0.5086504817008972,
                        "y": 0.9264705777168274,
                        "z": 0.8773152232170105
                    }
                },
                "position": {
                    "x": 51.94497299194336,
                    "y": 15.170534133911133,
                    "z": 3.2269325256347656
                },
                "rotation": {
                    "w": 1.0,
                    "x": 0.0,
                    "y": 0.0,
                    "z": 0.0
                },
                "scale": {
                    "x": 1.0,
                    "y": 1.0,
                    "z": 1.0
                },
                "type": "PointLight"
            },
            {
                "id": 0,
                "is_visible": true,
                "model.id": 6,
                "name": "light_2",
                "no_textures": true,
                "point_light": {
                    "ambient": {
                        "x": 0.9019607901573181,
                        "y": 0.9019607901573181,
                        "z": 0.9019607901573181
                    },
                    "constant": 1.0,
                    "diffuse": {
                        "x": 0.8002833127975464,
                        "y": 0.9656862616539001,
                        "z": 0.02840256504714489
                    },
                    "is_shining": false,
                    "linear": 0.0010000000474974513,
                    "quadratic": 0.01899999938905239,
                    "specular": {
                        "x": 0.5086504817008972,
                        "y": 0.9264705777168274,
                        "z": 0.8773152232170105
                    }
                },
                "position": {
                    "x": 37.79309844970703,
                    "y": 15.170534133911133,
                    "z": 3.2269325256347656
                },
                "rotation": {
                    "w": 1.0,
                    "x": 0.0,
                    "y": 0.0,
                    "z": 0.0
                },
                "scale": {
                    "x": 1.0,
                    "y": 1.0,
                    "z": 1.0
                },
                "type": "PointLight"
            },
            {
                "id": 0,
                "is_visible": false,
                "model.id": 6,
                "name": "light_copy",
                "no_textures": true,
                "point_light": {
                    "ambient": {
                        "x": 0.20000000298023224,
                        "y": 0.20000000298023224,
                        "z": 0.20000000298023224
                    },
                    "constant": 1.0,
                    "diffuse": {
                        "x": 0.800000011920929,
                        "y": 0.800000011920929,
                        "z": 0.800000011920929
                    },
                    "is_shining": false,
                    "linear": 0.09000000357627869,
                    "quadratic": 0.03200000151991844,
                    "specular": {
                        "x": 0.800000011920929,
                        "y": 0.800000011920929,
                        "z": 0.800000011920929
                    }
                },
                "position": {
                    "x": 5.374999046325684,
                    "y": 2.216658353805542,
                    "z": -4.272721290588379
                },
                "rotation": {
                    "w": 1.0,
                    "x": 0.0,
                    "y": 0.0,
                    "z": 0.0
                },
                "scale": {
                    "x": 1.0,